english_name,indonesian_name,is_dangerous
Water,Water,False
Aqua,Aqua,False
Glycerin,Glycerin,False
Niacinamide,Niacinamide,False
Sodium Hyaluronate,Natrium Hyaluronate,False
Hyaluronic Acid,Hyaluronic Asam,False
Panthenol,Panthenol,False
Allantoin,Allantoin,False
Dimethicone,Dimethicone,False
Cyclopentasiloxane,Cyclopentasiloxane,False
Cyclohexasiloxane,Cyclohexasiloxane,False
Cetyl Alcohol,Cetyl Alkohol,False
Stearyl Alcohol,Stearyl Alkohol,False
Cetearyl Alcohol,Cetearyl Alkohol,False
Behenyl Alcohol,Behenyl Alkohol,False
Stearic Acid,Stearic Asam,False
Palmitic Acid,Palmitic Asam,False
Myristic Acid,Myristic Asam,False
Lauric Acid,Lauric Asam,False
Caprylic/Capric Triglyceride,Caprylic/Capric Triglyceride,False
Butylene Glycol,Butylene Glycol,False
Propylene Glycol,Propylene Glycol,False
Pentylene Glycol,Pentylene Glycol,False
Hexylene Glycol,Hexylene Glycol,False
"1,2-Hexanediol",12-Hexanediol,False
"1,2-Pentanediol",12-Pentanediol,False
Phenoxyethanol,Phenoxyethanol,False
Ethylhexylglycerin,Ethylhexylglycerin,False
Caprylyl Glycol,Caprylyl Glycol,False
Disodium EDTA,Disodium EDTA,False
Tetrasodium EDTA,Tetrasodium EDTA,False
Carbomer,Carbomer,False
Xanthan Gum,Xanthan Gum,False
Guar Gum,Guar Gum,False
Hydroxyethylcellulose,Hydroxyethylcellulose,False
Hydroxypropyl Methylcellulose,Hydroxypropyl Methylcellulose,False
Polysorbate 20,Polysorbate 20,False
Polysorbate 60,Polysorbate 60,False
Polysorbate 80,Polysorbate 80,False
Sorbitan Stearate,Sorbitan Stearate,False
Ceteareth-20,Ceteareth-20,False
PEG-40 Hydrogenated Castor Oil,PEG-40 Hydrogenated Castor Minyak,False
PEG-100 Stearate,PEG-100 Stearate,False
PEG-8,PEG-8,False
PEG-7 Glyceryl Cocoate,PEG-7 Glyceryl Cocoate,False
Tocopherol,Tocopherol,False
Tocopheryl Acetate,Tocopheryl Acetate,False
Zinc Oxide,Zinc Oksida,False
Titanium Dioxide,Titanium Dioxide,False
Squalane,Squalane,False
Squalene,Squalene,False
Kaolin,Kaolin,False
Bentonite,Bentonite,False
Silica,Silica,False
Magnesium Stearate,Magnesium Stearate,False
Triethanolamine,Triethanolamine,False
Sodium Hydroxide,Natrium Hidroksida,False
Lactic Acid,Lactic Asam,False
Citric Acid,Citric Asam,False
Malic Acid,Malic Asam,False
Tartaric Acid,Tartaric Asam,False
Gluconolactone,Gluconolactone,False
Ascorbic Acid,Ascorbic Asam,False
Retinol,Retinol,False
Retinyl Palmitate,Retinyl Palmitate,False
Ceramide NP,Ceramide NP,False
Ceramide AP,Ceramide AP,False
Ceramide EOP,Ceramide EOP,False
Aloe Vera Extract,Aloe Vera Ekstrak,False
Green Tea Extract,Green Tea Ekstrak,False
Chamomile Extract,Chamomile Ekstrak,False
Calendula Extract,Calendula Ekstrak,False
Centella Asiatica Extract,Centella Asiatica Ekstrak,False
Licorice Root Extract,Licorice Root Ekstrak,False
Rose Extract,Rose Ekstrak,False
Lavender Extract,Lavender Ekstrak,False
Tea Tree Oil,Tea Tree Minyak,False
Argan Oil,Argan Minyak,False
Jojoba Oil,Jojoba Minyak,False
Sunflower Seed Oil,Sunflower Seed Minyak,False
Sweet Almond Oil,Sweet Almond Minyak,False
Coconut Oil,Coconut Minyak,False
Olive Oil,Olive Minyak,False
Shea Butter,Shea Butter,False
Cocoa Butter,Cocoa Butter,False
C18-30 Alkyl Benzoate,C18-30 Alkyl Benzoat,False
C11-23 Alkyl Benzoate,C11-23 Alkyl Benzoat,False
Calendula Leaf Extract,Calendula Leaf Ekstrak,False
Acrylates Polymer,Acrylates Polymer,False
C14-17 Alkyl Benzoate,C14-17 Alkyl Benzoat,False
Calcium Chloride,Kalsium Klorida,False
C8-28 Alkyl Benzoate,C8-28 Alkyl Benzoat,False
PEG-156 Oleate,PEG-156 Oleate,False
Potassium Lactate,Kalium Lactate,False
Potassium Chloride,Kalium Klorida,False
PEG-198 Oleate,PEG-198 Oleate,False
Calcium Carbonate,Kalsium Karbonat,False
Sodium Lactate,Natrium Lactate,False
Sodium Benzoate,Natrium Benzoat,False
C20-25 Alkyl Benzoate,C20-25 Alkyl Benzoat,False
C12-20 Alkyl Benzoate,C12-20 Alkyl Benzoat,False
Poly Polymer,Poly Polymer,False
Rose Leaf Extract,Rose Leaf Ekstrak,False
Hydroxyethyl Polymer,Hydroxyethyl Polymer,False
Ethylhexyl Glycol,Ethylhexyl Glycol,False
PEG-17 Linoleate,PEG-17 Linoleate,False
Ginseng Flower Extract,Ginseng Flower Ekstrak,False
C8-15 Alkyl Benzoate,C8-15 Alkyl Benzoat,False
Sodium Phosphate,Natrium Fosfat,False
C20-22 Alkyl Benzoate,C20-22 Alkyl Benzoat,False
Green Tea Oil,Green Tea Minyak,False
PEG-89 Oleate,PEG-89 Oleate,False
Calcium Lactate,Kalsium Lactate,False
PEG-29 Stearate,PEG-29 Stearate,False
Potassium Carbonate,Kalium Karbonat,False
PEG-152 Linoleate,PEG-152 Linoleate,False
C17-27 Alkyl Benzoate,C17-27 Alkyl Benzoat,False
PEG-133 Laurate,PEG-133 Laurate,False
Magnesium Sulfate,Magnesium Sulfat,False
Hydroxypropyl Polymer,Hydroxypropyl Polymer,False
PEG-143 Laurate,PEG-143 Laurate,False
C10-13 Alkyl Benzoate,C10-13 Alkyl Benzoat,False
Lavender Leaf Extract,Lavender Leaf Ekstrak,False
Aloe Oil,Aloe Minyak,False
Cucumber Extract,Cucumber Ekstrak,False
Licorice Oil,Licorice Minyak,False
C11-16 Alkyl Benzoate,C11-16 Alkyl Benzoat,False
C10-27 Alkyl Benzoate,C10-27 Alkyl Benzoat,False
C12-21 Alkyl Benzoate,C12-21 Alkyl Benzoat,False
C15-10 Alkyl Benzoate,C15-10 Alkyl Benzoat,False
PEG-153 Stearate,PEG-153 Stearate,False
Calendula Flower Extract,Calendula Flower Ekstrak,False
C11-29 Alkyl Benzoate,C11-29 Alkyl Benzoat,False
Centella Root Extract,Centella Root Ekstrak,False
C8-16 Alkyl Benzoate,C8-16 Alkyl Benzoat,False
C8-17 Alkyl Benzoate,C8-17 Alkyl Benzoat,False
PEG-112 Stearate,PEG-112 Stearate,False
Potassium Benzoate,Kalium Benzoat,False
PEG-196 Oleate,PEG-196 Oleate,False
Calcium Phosphate,Kalsium Fosfat,False
PEG-66 Laurate,PEG-66 Laurate,False
C8-24 Alkyl Benzoate,C8-24 Alkyl Benzoat,False
PEG-108 Laurate,PEG-108 Laurate,False
Chamomile Oil,Chamomile Minyak,False
C11-27 Alkyl Benzoate,C11-27 Alkyl Benzoat,False
Cucumber Leaf Extract,Cucumber Leaf Ekstrak,False
Green Tea Flower Extract,Green Tea Flower Ekstrak,False
Magnesium Citrate,Magnesium Sitrat,False
PEG-26 Laurate,PEG-26 Laurate,False
Centella Extract,Centella Ekstrak,False
Cucumber Root Extract,Cucumber Root Ekstrak,False
Green Tea Root Extract,Green Tea Root Ekstrak,False
PEG-69 Oleate,PEG-69 Oleate,False
PEG-27 Stearate,PEG-27 Stearate,False
Propyl Glycol,Propyl Glycol,False
Green Tea Leaf Extract,Green Tea Leaf Ekstrak,False
PEG-196 Myristate,PEG-196 Myristate,False
C8-12 Alkyl Benzoate,C8-12 Alkyl Benzoat,False
C19-15 Alkyl Benzoate,C19-15 Alkyl Benzoat,False
C8-18 Alkyl Benzoate,C8-18 Alkyl Benzoat,False
C14-13 Alkyl Benzoate,C14-13 Alkyl Benzoat,False
Chamomile Root Extract,Chamomile Root Ekstrak,False
C8-26 Alkyl Benzoate,C8-26 Alkyl Benzoat,False
PEG-175 Myristate,PEG-175 Myristate,False
C16-13 Alkyl Benzoate,C16-13 Alkyl Benzoat,False
Lavender Flower Extract,Lavender Flower Ekstrak,False
PEG-173 Myristate,PEG-173 Myristate,False
C18-29 Alkyl Benzoate,C18-29 Alkyl Benzoat,False
Calcium Citrate,Kalsium Sitrat,False
Aloe Leaf Extract,Aloe Leaf Ekstrak,False
PEG-49 Laurate,PEG-49 Laurate,False
PEG-190 Laurate,PEG-190 Laurate,False
C21-28 Alkyl Benzoate,C21-28 Alkyl Benzoat,False
Rose Root Extract,Rose Root Ekstrak,False
PEG-101 Stearate,PEG-101 Stearate,False
C18-26 Alkyl Benzoate,C18-26 Alkyl Benzoat,False
PEG-110 Oleate,PEG-110 Oleate,False
C20-10 Alkyl Benzoate,C20-10 Alkyl Benzoat,False
Magnesium Lactate,Magnesium Lactate,False
PEG-196 Laurate,PEG-196 Laurate,False
PEG-98 Laurate,PEG-98 Laurate,False
Sodium Citrate,Natrium Sitrat,False
Magnesium Chloride,Magnesium Klorida,False
Potassium Phosphate,Kalium Fosfat,False
C19-17 Alkyl Benzoate,C19-17 Alkyl Benzoat,False
C11-28 Alkyl Benzoate,C11-28 Alkyl Benzoat,False
C22-25 Alkyl Benzoate,C22-25 Alkyl Benzoat,False
C13-23 Alkyl Benzoate,C13-23 Alkyl Benzoat,False
Potassium Sulfate,Kalium Sulfat,False
Ginseng Extract,Ginseng Ekstrak,False
Sodium Carbonate,Natrium Karbonat,False
PEG-165 Oleate,PEG-165 Oleate,False
PEG-154 Myristate,PEG-154 Myristate,False
PEG-167 Stearate,PEG-167 Stearate,False
PEG-168 Palmitate,PEG-168 Palmitate,False
PEG-104 Laurate,PEG-104 Laurate,False
Calcium Sulfate,Kalsium Sulfat,False
PEG-119 Myristate,PEG-119 Myristate,False
PEG-57 Palmitate,PEG-57 Palmitate,False
Butyl Glycol,Butyl Glycol,False
Calendula Root Extract,Calendula Root Ekstrak,False
Centella Flower Extract,Centella Flower Ekstrak,False
PEG-152 Stearate,PEG-152 Stearate,False
C21-12 Alkyl Benzoate,C21-12 Alkyl Benzoat,False
Licorice Flower Extract,Licorice Flower Ekstrak,False
PEG-148 Laurate,PEG-148 Laurate,False
C22-10 Alkyl Benzoate,C22-10 Alkyl Benzoat,False
PEG-95 Linoleate,PEG-95 Linoleate,False
Licorice Leaf Extract,Licorice Leaf Ekstrak,False
Magnesium Carbonate,Magnesium Karbonat,False
C16-16 Alkyl Benzoate,C16-16 Alkyl Benzoat,False
C19-23 Alkyl Benzoate,C19-23 Alkyl Benzoat,False
Ginseng Leaf Extract,Ginseng Leaf Ekstrak,False
C17-13 Alkyl Benzoate,C17-13 Alkyl Benzoat,False
C15-19 Alkyl Benzoate,C15-19 Alkyl Benzoat,False
C18-16 Alkyl Benzoate,C18-16 Alkyl Benzoat,False
PEG-188 Stearate,PEG-188 Stearate,False
PEG-35 Linoleate,PEG-35 Linoleate,False
PEG-53 Oleate,PEG-53 Oleate,False
C15-18 Alkyl Benzoate,C15-18 Alkyl Benzoat,False
PEG-195 Laurate,PEG-195 Laurate,False
C8-29 Alkyl Benzoate,C8-29 Alkyl Benzoat,False
PEG-81 Palmitate,PEG-81 Palmitate,False
PEG-86 Oleate,PEG-86 Oleate,False
Centella Leaf Extract,Centella Leaf Ekstrak,False
C17-21 Alkyl Benzoate,C17-21 Alkyl Benzoat,False
PEG-135 Laurate,PEG-135 Laurate,False
Calcium Benzoate,Kalsium Benzoat,False
Cucumber Oil,Cucumber Minyak,False
PEG-20 Linoleate,PEG-20 Linoleate,False
C13-12 Alkyl Benzoate,C13-12 Alkyl Benzoat,False
PEG-113 Oleate,PEG-113 Oleate,False
Sodium Chloride,Natrium Klorida,False
PEG-71 Myristate,PEG-71 Myristate,False
C22-19 Alkyl Benzoate,C22-19 Alkyl Benzoat,False
PEG-83 Palmitate,PEG-83 Palmitate,False
Rose Flower Extract,Rose Flower Ekstrak,False
PEG-115 Myristate,PEG-115 Myristate,False
PEG-76 Oleate,PEG-76 Oleate,False
Lavender Root Extract,Lavender Root Ekstrak,False
PEG-52 Oleate,PEG-52 Oleate,False
Sodium Sulfate,Natrium Sulfat,False
Magnesium Phosphate,Magnesium Fosfat,False
PEG-152 Oleate,PEG-152 Oleate,False
PEG-133 Linoleate,PEG-133 Linoleate,False
PEG-189 Myristate,PEG-189 Myristate,False
C11-19 Alkyl Benzoate,C11-19 Alkyl Benzoat,False
Centella Oil,Centella Minyak,False
PEG-41 Stearate,PEG-41 Stearate,False
PEG-42 Myristate,PEG-42 Myristate,False
Chamomile Leaf Extract,Chamomile Leaf Ekstrak,False
PEG-93 Myristate,PEG-93 Myristate,False
C21-16 Alkyl Benzoate,C21-16 Alkyl Benzoat,False
PEG-176 Oleate,PEG-176 Oleate,False
C10-16 Alkyl Benzoate,C10-16 Alkyl Benzoat,False
Chamomile Flower Extract,Chamomile Flower Ekstrak,False
PEG-11 Oleate,PEG-11 Oleate,False
PEG-91 Laurate,PEG-91 Laurate,False
C8-13 Alkyl Benzoate,C8-13 Alkyl Benzoat,False
Cucumber Flower Extract,Cucumber Flower Ekstrak,False
PEG-20 Palmitate,PEG-20 Palmitate,False
PEG-191 Myristate,PEG-191 Myristate,False
C14-20 Alkyl Benzoate,C14-20 Alkyl Benzoat,False
PEG-73 Stearate,PEG-73 Stearate,False
C10-23 Alkyl Benzoate,C10-23 Alkyl Benzoat,False
PEG-91 Myristate,PEG-91 Myristate,False
PEG-101 Myristate,PEG-101 Myristate,False
C13-22 Alkyl Benzoate,C13-22 Alkyl Benzoat,False
PEG-99 Palmitate,PEG-99 Palmitate,False
PEG-63 Palmitate,PEG-63 Palmitate,False
Calendula Oil,Calendula Minyak,False
C14-10 Alkyl Benzoate,C14-10 Alkyl Benzoat,False
C10-21 Alkyl Benzoate,C10-21 Alkyl Benzoat,False
C13-14 Alkyl Benzoate,C13-14 Alkyl Benzoat,False
PEG-109 Palmitate,PEG-109 Palmitate,False
PEG-159 Stearate,PEG-159 Stearate,False
C18-11 Alkyl Benzoate,C18-11 Alkyl Benzoat,False
Ginseng Oil,Ginseng Minyak,False
C11-12 Alkyl Benzoate,C11-12 Alkyl Benzoat,False
PEG-111 Oleate,PEG-111 Oleate,False
PEG-13 Palmitate,PEG-13 Palmitate,False
Ginseng Root Extract,Ginseng Root Ekstrak,False
PEG-75 Stearate,PEG-75 Stearate,False
PEG-41 Laurate,PEG-41 Laurate,False
C19-20 Alkyl Benzoate,C19-20 Alkyl Benzoat,False
C16-17 Alkyl Benzoate,C16-17 Alkyl Benzoat,False
PEG-136 Stearate,PEG-136 Stearate,False
PEG-188 Linoleate,PEG-188 Linoleate,False
C12-17 Alkyl Benzoate,C12-17 Alkyl Benzoat,False
C22-27 Alkyl Benzoate,C22-27 Alkyl Benzoat,False
Lavender Oil,Lavender Minyak,False
C14-14 Alkyl Benzoate,C14-14 Alkyl Benzoat,False
PEG-112 Palmitate,PEG-112 Palmitate,False
PEG-73 Linoleate,PEG-73 Linoleate,False
C9-26 Alkyl Benzoate,C9-26 Alkyl Benzoat,False
Potassium Citrate,Kalium Sitrat,False
PEG-77 Oleate,PEG-77 Oleate,False
C9-14 Alkyl Benzoate,C9-14 Alkyl Benzoat,False
C20-20 Alkyl Benzoate,C20-20 Alkyl Benzoat,False
C20-27 Alkyl Benzoate,C20-27 Alkyl Benzoat,False
C9-15 Alkyl Benzoate,C9-15 Alkyl Benzoat,False
Aloe Extract,Aloe Ekstrak,False
PEG-69 Linoleate,PEG-69 Linoleate,False
PEG-97 Myristate,PEG-97 Myristate,False
C14-11 Alkyl Benzoate,C14-11 Alkyl Benzoat,False
C21-29 Alkyl Benzoate,C21-29 Alkyl Benzoat,False
PEG-105 Oleate,PEG-105 Oleate,False
C22-16 Alkyl Benzoate,C22-16 Alkyl Benzoat,False
PEG-85 Laurate,PEG-85 Laurate,False
PEG-168 Laurate,PEG-168 Laurate,False
C16-11 Alkyl Benzoate,C16-11 Alkyl Benzoat,False
C10-25 Alkyl Benzoate,C10-25 Alkyl Benzoat,False
PEG-65 Stearate,PEG-65 Stearate,False
C18-24 Alkyl Benzoate,C18-24 Alkyl Benzoat,False
C9-28 Alkyl Benzoate,C9-28 Alkyl Benzoat,False
PEG-124 Oleate,PEG-124 Oleate,False
C11-18 Alkyl Benzoate,C11-18 Alkyl Benzoat,False
PEG-11 Stearate,PEG-11 Stearate,False
Magnesium Benzoate,Magnesium Benzoat,False
C22-24 Alkyl Benzoate,C22-24 Alkyl Benzoat,False
PEG-197 Palmitate,PEG-197 Palmitate,False
C14-27 Alkyl Benzoate,C14-27 Alkyl Benzoat,False
C17-24 Alkyl Benzoate,C17-24 Alkyl Benzoat,False
PEG-161 Palmitate,PEG-161 Palmitate,False
C9-25 Alkyl Benzoate,C9-25 Alkyl Benzoat,False
PEG-171 Linoleate,PEG-171 Linoleate,False
C11-25 Alkyl Benzoate,C11-25 Alkyl Benzoat,False
C19-10 Alkyl Benzoate,C19-10 Alkyl Benzoat,False
PEG-70 Linoleate,PEG-70 Linoleate,False
PEG-116 Stearate,PEG-116 Stearate,False
C15-25 Alkyl Benzoate,C15-25 Alkyl Benzoat,False
C22-11 Alkyl Benzoate,C22-11 Alkyl Benzoat,False
Licorice Extract,Licorice Ekstrak,False
PEG-8 Linoleate,PEG-8 Linoleate,False
PEG-164 Myristate,PEG-164 Myristate,False
C22-29 Alkyl Benzoate,C22-29 Alkyl Benzoat,False
PEG-114 Laurate,PEG-114 Laurate,False
PEG-134 Oleate,PEG-134 Oleate,False
C17-14 Alkyl Benzoate,C17-14 Alkyl Benzoat,False
PEG-38 Linoleate,PEG-38 Linoleate,False
PEG-23 Laurate,PEG-23 Laurate,False
C19-19 Alkyl Benzoate,C19-19 Alkyl Benzoat,False
PEG-121 Laurate,PEG-121 Laurate,False
C18-20 Alkyl Benzoate,C18-20 Alkyl Benzoat,False
C18-12 Alkyl Benzoate,C18-12 Alkyl Benzoat,False
PEG-29 Laurate,PEG-29 Laurate,False
C8-20 Alkyl Benzoate,C8-20 Alkyl Benzoat,False
PEG-2 Linoleate,PEG-2 Linoleate,False
C13-30 Alkyl Benzoate,C13-30 Alkyl Benzoat,False
PEG-163 Linoleate,PEG-163 Linoleate,False
PEG-97 Stearate,PEG-97 Stearate,False
PEG-27 Oleate,PEG-27 Oleate,False
PEG-145 Laurate,PEG-145 Laurate,False
PEG-117 Palmitate,PEG-117 Palmitate,False
C17-28 Alkyl Benzoate,C17-28 Alkyl Benzoat,False
PEG-177 Oleate,PEG-177 Oleate,False
C15-17 Alkyl Benzoate,C15-17 Alkyl Benzoat,False
PEG-23 Palmitate,PEG-23 Palmitate,False
PEG-80 Palmitate,PEG-80 Palmitate,False
C10-11 Alkyl Benzoate,C10-11 Alkyl Benzoat,False
C16-24 Alkyl Benzoate,C16-24 Alkyl Benzoat,False
C10-18 Alkyl Benzoate,C10-18 Alkyl Benzoat,False
C14-28 Alkyl Benzoate,C14-28 Alkyl Benzoat,False
C20-23 Alkyl Benzoate,C20-23 Alkyl Benzoat,False
C14-22 Alkyl Benzoate,C14-22 Alkyl Benzoat,False
PEG-141 Laurate,PEG-141 Laurate,False
C8-14 Alkyl Benzoate,C8-14 Alkyl Benzoat,False
Aloe Flower Extract,Aloe Flower Ekstrak,False
C20-14 Alkyl Benzoate,C20-14 Alkyl Benzoat,False
C15-30 Alkyl Benzoate,C15-30 Alkyl Benzoat,False
C10-29 Alkyl Benzoate,C10-29 Alkyl Benzoat,False
PEG-79 Palmitate,PEG-79 Palmitate,False
PEG-114 Myristate,PEG-114 Myristate,False
C13-25 Alkyl Benzoate,C13-25 Alkyl Benzoat,False
Aloe Root Extract,Aloe Root Ekstrak,False
C15-29 Alkyl Benzoate,C15-29 Alkyl Benzoat,False
PEG-103 Palmitate,PEG-103 Palmitate,False
PEG-81 Linoleate,PEG-81 Linoleate,False
Rose Oil,Rose Minyak,False
PEG-187 Oleate,PEG-187 Oleate,False
C21-11 Alkyl Benzoate,C21-11 Alkyl Benzoat,False
PEG-152 Palmitate,PEG-152 Palmitate,False
C17-10 Alkyl Benzoate,C17-10 Alkyl Benzoat,False
C8-30 Alkyl Benzoate,C8-30 Alkyl Benzoat,False
C11-17 Alkyl Benzoate,C11-17 Alkyl Benzoat,False
C21-22 Alkyl Benzoate,C21-22 Alkyl Benzoat,False
PEG-40 Myristate,PEG-40 Myristate,False
C18-19 Alkyl Benzoate,C18-19 Alkyl Benzoat,False
PEG-140 Myristate,PEG-140 Myristate,False
PEG-89 Laurate,PEG-89 Laurate,False
C14-26 Alkyl Benzoate,C14-26 Alkyl Benzoat,False
PEG-64 Myristate,PEG-64 Myristate,False
C21-30 Alkyl Benzoate,C21-30 Alkyl Benzoat,False
PEG-32 Laurate,PEG-32 Laurate,False
C12-27 Alkyl Benzoate,C12-27 Alkyl Benzoat,False
C11-14 Alkyl Benzoate,C11-14 Alkyl Benzoat,False
PEG-164 Palmitate,PEG-164 Palmitate,False
C13-13 Alkyl Benzoate,C13-13 Alkyl Benzoat,False
C10-17 Alkyl Benzoate,C10-17 Alkyl Benzoat,False
PEG-124 Laurate,PEG-124 Laurate,False
C17-15 Alkyl Benzoate,C17-15 Alkyl Benzoat,False
PEG-170 Linoleate,PEG-170 Linoleate,False
PEG-8 Oleate,PEG-8 Oleate,False
C9-23 Alkyl Benzoate,C9-23 Alkyl Benzoat,False
PEG-167 Palmitate,PEG-167 Palmitate,False
PEG-183 Linoleate,PEG-183 Linoleate,False
PEG-81 Laurate,PEG-81 Laurate,False
PEG-172 Oleate,PEG-172 Oleate,False
PEG-78 Myristate,PEG-78 Myristate,False
C19-18 Alkyl Benzoate,C19-18 Alkyl Benzoat,False
PEG-55 Stearate,PEG-55 Stearate,False
C19-30 Alkyl Benzoate,C19-30 Alkyl Benzoat,False
C8-11 Alkyl Benzoate,C8-11 Alkyl Benzoat,False
C17-23 Alkyl Benzoate,C17-23 Alkyl Benzoat,False
PEG-24 Linoleate,PEG-24 Linoleate,False
PEG-67 Stearate,PEG-67 Stearate,False
PEG-26 Stearate,PEG-26 Stearate,False
C13-26 Alkyl Benzoate,C13-26 Alkyl Benzoat,False
C15-15 Alkyl Benzoate,C15-15 Alkyl Benzoat,False
C21-26 Alkyl Benzoate,C21-26 Alkyl Benzoat,False
PEG-56 Myristate,PEG-56 Myristate,False
PEG-159 Laurate,PEG-159 Laurate,False
PEG-141 Stearate,PEG-141 Stearate,False
C10-15 Alkyl Benzoate,C10-15 Alkyl Benzoat,False
C19-28 Alkyl Benzoate,C19-28 Alkyl Benzoat,False
PEG-181 Stearate,PEG-181 Stearate,False
C20-16 Alkyl Benzoate,C20-16 Alkyl Benzoat,False
C21-15 Alkyl Benzoate,C21-15 Alkyl Benzoat,False
PEG-155 Oleate,PEG-155 Oleate,False
C22-12 Alkyl Benzoate,C22-12 Alkyl Benzoat,False
C16-26 Alkyl Benzoate,C16-26 Alkyl Benzoat,False
C20-29 Alkyl Benzoate,C20-29 Alkyl Benzoat,False
PEG-5 Palmitate,PEG-5 Palmitate,False
C16-27 Alkyl Benzoate,C16-27 Alkyl Benzoat,False
C17-16 Alkyl Benzoate,C17-16 Alkyl Benzoat,False
C12-11 Alkyl Benzoate,C12-11 Alkyl Benzoat,False
C11-21 Alkyl Benzoate,C11-21 Alkyl Benzoat,False
PEG-188 Myristate,PEG-188 Myristate,False
C19-25 Alkyl Benzoate,C19-25 Alkyl Benzoat,False
C18-14 Alkyl Benzoate,C18-14 Alkyl Benzoat,False
PEG-90 Palmitate,PEG-90 Palmitate,False
C16-12 Alkyl Benzoate,C16-12 Alkyl Benzoat,False
PEG-35 Stearate,PEG-35 Stearate,False
C8-21 Alkyl Benzoate,C8-21 Alkyl Benzoat,False
PEG-85 Linoleate,PEG-85 Linoleate,False
PEG-14 Palmitate,PEG-14 Palmitate,False
PEG-140 Linoleate,PEG-140 Linoleate,False
C10-14 Alkyl Benzoate,C10-14 Alkyl Benzoat,False
PEG-182 Palmitate,PEG-182 Palmitate,False
PEG-15 Palmitate,PEG-15 Palmitate,False
PEG-166 Oleate,PEG-166 Oleate,False
C21-20 Alkyl Benzoate,C21-20 Alkyl Benzoat,False
PEG-90 Stearate,PEG-90 Stearate,False
PEG-78 Linoleate,PEG-78 Linoleate,False
PEG-130 Stearate,PEG-130 Stearate,False
C19-24 Alkyl Benzoate,C19-24 Alkyl Benzoat,False
PEG-129 Oleate,PEG-129 Oleate,False
PEG-22 Palmitate,PEG-22 Palmitate,False
C15-12 Alkyl Benzoate,C15-12 Alkyl Benzoat,False
PEG-22 Laurate,PEG-22 Laurate,False
PEG-17 Palmitate,PEG-17 Palmitate,False
PEG-25 Myristate,PEG-25 Myristate,False
PEG-158 Stearate,PEG-158 Stearate,False
C15-26 Alkyl Benzoate,C15-26 Alkyl Benzoat,False
C14-18 Alkyl Benzoate,C14-18 Alkyl Benzoat,False
PEG-16 Stearate,PEG-16 Stearate,False
PEG-60 Laurate,PEG-60 Laurate,False
PEG-68 Laurate,PEG-68 Laurate,False
C21-13 Alkyl Benzoate,C21-13 Alkyl Benzoat,False
C9-16 Alkyl Benzoate,C9-16 Alkyl Benzoat,False
PEG-92 Myristate,PEG-92 Myristate,False
C13-16 Alkyl Benzoate,C13-16 Alkyl Benzoat,False
PEG-76 Palmitate,PEG-76 Palmitate,False
PEG-156 Linoleate,PEG-156 Linoleate,False
C9-18 Alkyl Benzoate,C9-18 Alkyl Benzoat,False
PEG-150 Stearate,PEG-150 Stearate,False
C8-22 Alkyl Benzoate,C8-22 Alkyl Benzoat,False
C12-19 Alkyl Benzoate,C12-19 Alkyl Benzoat,False
C11-20 Alkyl Benzoate,C11-20 Alkyl Benzoat,False
PEG-64 Oleate,PEG-64 Oleate,False
C9-12 Alkyl Benzoate,C9-12 Alkyl Benzoat,False
PEG-192 Palmitate,PEG-192 Palmitate,False
C17-30 Alkyl Benzoate,C17-30 Alkyl Benzoat,False
PEG-46 Laurate,PEG-46 Laurate,False
C9-27 Alkyl Benzoate,C9-27 Alkyl Benzoat,False
PEG-34 Palmitate,PEG-34 Palmitate,False
PEG-141 Palmitate,PEG-141 Palmitate,False
PEG-16 Oleate,PEG-16 Oleate,False
C12-14 Alkyl Benzoate,C12-14 Alkyl Benzoat,False
PEG-49 Palmitate,PEG-49 Palmitate,False
C20-11 Alkyl Benzoate,C20-11 Alkyl Benzoat,False
PEG-113 Myristate,PEG-113 Myristate,False
PEG-21 Palmitate,PEG-21 Palmitate,False
PEG-48 Stearate,PEG-48 Stearate,False
C20-17 Alkyl Benzoate,C20-17 Alkyl Benzoat,False
C10-24 Alkyl Benzoate,C10-24 Alkyl Benzoat,False
PEG-43 Palmitate,PEG-43 Palmitate,False
PEG-148 Linoleate,PEG-148 Linoleate,False
PEG-29 Palmitate,PEG-29 Palmitate,False
PEG-107 Linoleate,PEG-107 Linoleate,False
PEG-146 Oleate,PEG-146 Oleate,False
PEG-28 Myristate,PEG-28 Myristate,False
PEG-77 Linoleate,PEG-77 Linoleate,False
C14-23 Alkyl Benzoate,C14-23 Alkyl Benzoat,False
PEG-93 Stearate,PEG-93 Stearate,False
PEG-137 Palmitate,PEG-137 Palmitate,False
PEG-38 Stearate,PEG-38 Stearate,False
PEG-149 Laurate,PEG-149 Laurate,False
PEG-76 Linoleate,PEG-76 Linoleate,False
C9-24 Alkyl Benzoate,C9-24 Alkyl Benzoat,False
PEG-102 Oleate,PEG-102 Oleate,False
PEG-36 Stearate,PEG-36 Stearate,False
C13-11 Alkyl Benzoate,C13-11 Alkyl Benzoat,False
PEG-30 Oleate,PEG-30 Oleate,False
PEG-161 Myristate,PEG-161 Myristate,False
PEG-67 Oleate,PEG-67 Oleate,False
PEG-157 Palmitate,PEG-157 Palmitate,False
C17-18 Alkyl Benzoate,C17-18 Alkyl Benzoat,False
PEG-106 Oleate,PEG-106 Oleate,False
PEG-67 Palmitate,PEG-67 Palmitate,False
C14-19 Alkyl Benzoate,C14-19 Alkyl Benzoat,False
PEG-199 Oleate,PEG-199 Oleate,False
PEG-15 Myristate,PEG-15 Myristate,False
C15-24 Alkyl Benzoate,C15-24 Alkyl Benzoat,False
PEG-195 Oleate,PEG-195 Oleate,False
PEG-154 Laurate,PEG-154 Laurate,False
C13-29 Alkyl Benzoate,C13-29 Alkyl Benzoat,False
PEG-47 Palmitate,PEG-47 Palmitate,False
PEG-71 Palmitate,PEG-71 Palmitate,False
PEG-101 Oleate,PEG-101 Oleate,False
C8-25 Alkyl Benzoate,C8-25 Alkyl Benzoat,False
C19-29 Alkyl Benzoate,C19-29 Alkyl Benzoat,False
PEG-2 Myristate,PEG-2 Myristate,False
PEG-199 Linoleate,PEG-199 Linoleate,False
PEG-144 Palmitate,PEG-144 Palmitate,False
PEG-187 Palmitate,PEG-187 Palmitate,False
C21-21 Alkyl Benzoate,C21-21 Alkyl Benzoat,False
PEG-52 Myristate,PEG-52 Myristate,False
PEG-130 Myristate,PEG-130 Myristate,False
C15-11 Alkyl Benzoate,C15-11 Alkyl Benzoat,False
PEG-140 Laurate,PEG-140 Laurate,False
PEG-15 Laurate,PEG-15 Laurate,False
C12-10 Alkyl Benzoate,C12-10 Alkyl Benzoat,False
C17-17 Alkyl Benzoate,C17-17 Alkyl Benzoat,False
PEG-71 Oleate,PEG-71 Oleate,False
PEG-47 Oleate,PEG-47 Oleate,False
C19-11 Alkyl Benzoate,C19-11 Alkyl Benzoat,False
C18-13 Alkyl Benzoate,C18-13 Alkyl Benzoat,False
PEG-32 Linoleate,PEG-32 Linoleate,False
PEG-114 Palmitate,PEG-114 Palmitate,False
C11-24 Alkyl Benzoate,C11-24 Alkyl Benzoat,False
PEG-183 Palmitate,PEG-183 Palmitate,False
PEG-176 Laurate,PEG-176 Laurate,False
C15-16 Alkyl Benzoate,C15-16 Alkyl Benzoat,False
C19-26 Alkyl Benzoate,C19-26 Alkyl Benzoat,False
PEG-133 Palmitate,PEG-133 Palmitate,False
C11-13 Alkyl Benzoate,C11-13 Alkyl Benzoat,False
PEG-157 Myristate,PEG-157 Myristate,False
PEG-74 Oleate,PEG-74 Oleate,False
PEG-72 Myristate,PEG-72 Myristate,False
PEG-9 Oleate,PEG-9 Oleate,False
PEG-10 Linoleate,PEG-10 Linoleate,False
PEG-35 Myristate,PEG-35 Myristate,False
C18-27 Alkyl Benzoate,C18-27 Alkyl Benzoat,False
PEG-94 Laurate,PEG-94 Laurate,False
PEG-18 Laurate,PEG-18 Laurate,False
PEG-78 Palmitate,PEG-78 Palmitate,False
C20-12 Alkyl Benzoate,C20-12 Alkyl Benzoat,False
PEG-39 Linoleate,PEG-39 Linoleate,False
C22-22 Alkyl Benzoate,C22-22 Alkyl Benzoat,False
C10-26 Alkyl Benzoate,C10-26 Alkyl Benzoat,False
PEG-128 Stearate,PEG-128 Stearate,False
PEG-147 Myristate,PEG-147 Myristate,False
C11-15 Alkyl Benzoate,C11-15 Alkyl Benzoat,False
PEG-72 Stearate,PEG-72 Stearate,False
PEG-146 Laurate,PEG-146 Laurate,False
C8-23 Alkyl Benzoate,C8-23 Alkyl Benzoat,False
C8-10 Alkyl Benzoate,C8-10 Alkyl Benzoat,False
C21-14 Alkyl Benzoate,C21-14 Alkyl Benzoat,False
PEG-12 Palmitate,PEG-12 Palmitate,False
PEG-88 Stearate,PEG-88 Stearate,False
PEG-129 Palmitate,PEG-129 Palmitate,False
C13-10 Alkyl Benzoate,C13-10 Alkyl Benzoat,False
C20-24 Alkyl Benzoate,C20-24 Alkyl Benzoat,False
PEG-87 Stearate,PEG-87 Stearate,False
C12-23 Alkyl Benzoate,C12-23 Alkyl Benzoat,False
PEG-193 Oleate,PEG-193 Oleate,False
PEG-6 Oleate,PEG-6 Oleate,False
C12-30 Alkyl Benzoate,C12-30 Alkyl Benzoat,False
PEG-92 Stearate,PEG-92 Stearate,False
C18-10 Alkyl Benzoate,C18-10 Alkyl Benzoat,False
C14-29 Alkyl Benzoate,C14-29 Alkyl Benzoat,False
C12-15 Alkyl Benzoate,C12-15 Alkyl Benzoat,False
PEG-17 Myristate,PEG-17 Myristate,False
C22-23 Alkyl Benzoate,C22-23 Alkyl Benzoat,False
PEG-24 Palmitate,PEG-24 Palmitate,False
PEG-124 Stearate,PEG-124 Stearate,False
C21-24 Alkyl Benzoate,C21-24 Alkyl Benzoat,False
PEG-62 Laurate,PEG-62 Laurate,False
PEG-179 Linoleate,PEG-179 Linoleate,False
PEG-168 Linoleate,PEG-168 Linoleate,False
C20-18 Alkyl Benzoate,C20-18 Alkyl Benzoat,False
C11-11 Alkyl Benzoate,C11-11 Alkyl Benzoat,False
PEG-112 Myristate,PEG-112 Myristate,False
C22-26 Alkyl Benzoate,C22-26 Alkyl Benzoat,False
C18-23 Alkyl Benzoate,C18-23 Alkyl Benzoat,False
PEG-115 Stearate,PEG-115 Stearate,False
C12-24 Alkyl Benzoate,C12-24 Alkyl Benzoat,False
PEG-46 Linoleate,PEG-46 Linoleate,False
PEG-21 Stearate,PEG-21 Stearate,False
PEG-45 Linoleate,PEG-45 Linoleate,False
C10-30 Alkyl Benzoate,C10-30 Alkyl Benzoat,False
C15-27 Alkyl Benzoate,C15-27 Alkyl Benzoat,False
PEG-120 Oleate,PEG-120 Oleate,False
PEG-129 Stearate,PEG-129 Stearate,False
PEG-132 Myristate,PEG-132 Myristate,False
C8-19 Alkyl Benzoate,C8-19 Alkyl Benzoat,False
PEG-51 Oleate,PEG-51 Oleate,False
PEG-162 Stearate,PEG-162 Stearate,False
PEG-78 Oleate,PEG-78 Oleate,False
PEG-38 Myristate,PEG-38 Myristate,False
PEG-171 Myristate,PEG-171 Myristate,False
PEG-131 Myristate,PEG-131 Myristate,False
C16-14 Alkyl Benzoate,C16-14 Alkyl Benzoat,False
PEG-29 Myristate,PEG-29 Myristate,False
PEG-163 Palmitate,PEG-163 Palmitate,False
C18-17 Alkyl Benzoate,C18-17 Alkyl Benzoat,False
PEG-78 Laurate,PEG-78 Laurate,False
PEG-126 Myristate,PEG-126 Myristate,False
PEG-21 Oleate,PEG-21 Oleate,False
C11-10 Alkyl Benzoate,C11-10 Alkyl Benzoat,False
C19-22 Alkyl Benzoate,C19-22 Alkyl Benzoat,False
PEG-90 Linoleate,PEG-90 Linoleate,False
PEG-25 Linoleate,PEG-25 Linoleate,False
PEG-118 Myristate,PEG-118 Myristate,False
PEG-191 Palmitate,PEG-191 Palmitate,False
C16-20 Alkyl Benzoate,C16-20 Alkyl Benzoat,False
C10-22 Alkyl Benzoate,C10-22 Alkyl Benzoat,False
PEG-155 Palmitate,PEG-155 Palmitate,False
PEG-65 Linoleate,PEG-65 Linoleate,False
C15-14 Alkyl Benzoate,C15-14 Alkyl Benzoat,False
PEG-162 Palmitate,PEG-162 Palmitate,False
PEG-77 Myristate,PEG-77 Myristate,False
PEG-97 Oleate,PEG-97 Oleate,False
PEG-4 Linoleate,PEG-4 Linoleate,False
PEG-46 Palmitate,PEG-46 Palmitate,False
PEG-111 Stearate,PEG-111 Stearate,False
PEG-175 Palmitate,PEG-175 Palmitate,False
PEG-192 Myristate,PEG-192 Myristate,False
C13-28 Alkyl Benzoate,C13-28 Alkyl Benzoat,False
C20-30 Alkyl Benzoate,C20-30 Alkyl Benzoat,False
C18-28 Alkyl Benzoate,C18-28 Alkyl Benzoat,False
PEG-139 Stearate,PEG-139 Stearate,False
C13-15 Alkyl Benzoate,C13-15 Alkyl Benzoat,False
C15-20 Alkyl Benzoate,C15-20 Alkyl Benzoat,False
C22-14 Alkyl Benzoate,C22-14 Alkyl Benzoat,False
C18-22 Alkyl Benzoate,C18-22 Alkyl Benzoat,False
PEG-132 Linoleate,PEG-132 Linoleate,False
PEG-118 Palmitate,PEG-118 Palmitate,False
PEG-90 Oleate,PEG-90 Oleate,False
C20-26 Alkyl Benzoate,C20-26 Alkyl Benzoat,False
PEG-151 Laurate,PEG-151 Laurate,False
PEG-151 Myristate,PEG-151 Myristate,False
PEG-87 Palmitate,PEG-87 Palmitate,False
PEG-66 Linoleate,PEG-66 Linoleate,False
PEG-56 Oleate,PEG-56 Oleate,False
PEG-108 Myristate,PEG-108 Myristate,False
PEG-125 Linoleate,PEG-125 Linoleate,False
PEG-164 Laurate,PEG-164 Laurate,False
PEG-58 Myristate,PEG-58 Myristate,False
C11-26 Alkyl Benzoate,C11-26 Alkyl Benzoat,False
C16-29 Alkyl Benzoate,C16-29 Alkyl Benzoat,False
C20-28 Alkyl Benzoate,C20-28 Alkyl Benzoat,False
PEG-84 Laurate,PEG-84 Laurate,False
C16-30 Alkyl Benzoate,C16-30 Alkyl Benzoat,False
C21-27 Alkyl Benzoate,C21-27 Alkyl Benzoat,False
PEG-109 Stearate,PEG-109 Stearate,False
PEG-153 Laurate,PEG-153 Laurate,False
PEG-19 Stearate,PEG-19 Stearate,False
PEG-58 Linoleate,PEG-58 Linoleate,False
PEG-197 Oleate,PEG-197 Oleate,False
PEG-33 Palmitate,PEG-33 Palmitate,False
C12-18 Alkyl Benzoate,C12-18 Alkyl Benzoat,False
PEG-185 Laurate,PEG-185 Laurate,False
C16-19 Alkyl Benzoate,C16-19 Alkyl Benzoat,False
PEG-40 Linoleate,PEG-40 Linoleate,False
PEG-107 Myristate,PEG-107 Myristate,False
PEG-121 Stearate,PEG-121 Stearate,False
C22-17 Alkyl Benzoate,C22-17 Alkyl Benzoat,False
C12-16 Alkyl Benzoate,C12-16 Alkyl Benzoat,False
PEG-111 Laurate,PEG-111 Laurate,False
C22-13 Alkyl Benzoate,C22-13 Alkyl Benzoat,False
PEG-11 Myristate,PEG-11 Myristate,False
PEG-94 Oleate,PEG-94 Oleate,False
PEG-73 Laurate,PEG-73 Laurate,False
C17-11 Alkyl Benzoate,C17-11 Alkyl Benzoat,False
C14-16 Alkyl Benzoate,C14-16 Alkyl Benzoat,False
PEG-188 Oleate,PEG-188 Oleate,False
PEG-112 Oleate,PEG-112 Oleate,False
C15-28 Alkyl Benzoate,C15-28 Alkyl Benzoat,False
PEG-82 Linoleate,PEG-82 Linoleate,False
C11-30 Alkyl Benzoate,C11-30 Alkyl Benzoat,False
PEG-173 Oleate,PEG-173 Oleate,False
PEG-10 Palmitate,PEG-10 Palmitate,False
PEG-169 Linoleate,PEG-169 Linoleate,False
PEG-17 Stearate,PEG-17 Stearate,False
PEG-165 Laurate,PEG-165 Laurate,False
PEG-151 Stearate,PEG-151 Stearate,False
C12-22 Alkyl Benzoate,C12-22 Alkyl Benzoat,False
C13-21 Alkyl Benzoate,C13-21 Alkyl Benzoat,False
PEG-114 Oleate,PEG-114 Oleate,False
PEG-113 Laurate,PEG-113 Laurate,False
PEG-164 Stearate,PEG-164 Stearate,False
PEG-38 Palmitate,PEG-38 Palmitate,False
C16-18 Alkyl Benzoate,C16-18 Alkyl Benzoat,False
PEG-149 Myristate,PEG-149 Myristate,False
PEG-161 Laurate,PEG-161 Laurate,False
PEG-79 Linoleate,PEG-79 Linoleate,False
C17-26 Alkyl Benzoate,C17-26 Alkyl Benzoat,False
C16-21 Alkyl Benzoate,C16-21 Alkyl Benzoat,False
PEG-25 Stearate,PEG-25 Stearate,False
PEG-40 Oleate,PEG-40 Oleate,False
PEG-197 Laurate,PEG-197 Laurate,False
PEG-180 Stearate,PEG-180 Stearate,False
C17-22 Alkyl Benzoate,C17-22 Alkyl Benzoat,False
PEG-131 Oleate,PEG-131 Oleate,False
PEG-97 Laurate,PEG-97 Laurate,False
C18-15 Alkyl Benzoate,C18-15 Alkyl Benzoat,False
PEG-127 Laurate,PEG-127 Laurate,False
PEG-34 Myristate,PEG-34 Myristate,False
C16-23 Alkyl Benzoate,C16-23 Alkyl Benzoat,False
PEG-39 Oleate,PEG-39 Oleate,False
PEG-141 Oleate,PEG-141 Oleate,False
PEG-139 Linoleate,PEG-139 Linoleate,False
C13-24 Alkyl Benzoate,C13-24 Alkyl Benzoat,False
PEG-122 Myristate,PEG-122 Myristate,False
PEG-169 Myristate,PEG-169 Myristate,False
C17-25 Alkyl Benzoate,C17-25 Alkyl Benzoat,False
PEG-127 Myristate,PEG-127 Myristate,False
C22-30 Alkyl Benzoate,C22-30 Alkyl Benzoat,False
PEG-51 Stearate,PEG-51 Stearate,False
C18-21 Alkyl Benzoate,C18-21 Alkyl Benzoat,False
PEG-44 Myristate,PEG-44 Myristate,False
PEG-55 Palmitate,PEG-55 Palmitate,False
PEG-72 Oleate,PEG-72 Oleate,False
PEG-62 Stearate,PEG-62 Stearate,False
C9-29 Alkyl Benzoate,C9-29 Alkyl Benzoat,False
PEG-76 Stearate,PEG-76 Stearate,False
PEG-150 Laurate,PEG-150 Laurate,False
PEG-178 Laurate,PEG-178 Laurate,False
PEG-137 Myristate,PEG-137 Myristate,False
PEG-60 Linoleate,PEG-60 Linoleate,False
PEG-115 Laurate,PEG-115 Laurate,False
PEG-45 Palmitate,PEG-45 Palmitate,False
PEG-186 Palmitate,PEG-186 Palmitate,False
PEG-33 Laurate,PEG-33 Laurate,False
PEG-165 Stearate,PEG-165 Stearate,False
C19-27 Alkyl Benzoate,C19-27 Alkyl Benzoat,False
PEG-127 Oleate,PEG-127 Oleate,False
PEG-165 Linoleate,PEG-165 Linoleate,False
C14-30 Alkyl Benzoate,C14-30 Alkyl Benzoat,False
C13-27 Alkyl Benzoate,C13-27 Alkyl Benzoat,False
PEG-174 Stearate,PEG-174 Stearate,False
PEG-5 Laurate,PEG-5 Laurate,False
C15-23 Alkyl Benzoate,C15-23 Alkyl Benzoat,False
PEG-13 Linoleate,PEG-13 Linoleate,False
C10-19 Alkyl Benzoate,C10-19 Alkyl Benzoat,False
PEG-87 Linoleate,PEG-87 Linoleate,False
C19-14 Alkyl Benzoate,C19-14 Alkyl Benzoat,False
PEG-169 Laurate,PEG-169 Laurate,False
PEG-94 Linoleate,PEG-94 Linoleate,False
C14-25 Alkyl Benzoate,C14-25 Alkyl Benzoat,False
C19-13 Alkyl Benzoate,C19-13 Alkyl Benzoat,False
PEG-57 Oleate,PEG-57 Oleate,False
PEG-41 Oleate,PEG-41 Oleate,False
C21-17 Alkyl Benzoate,C21-17 Alkyl Benzoat,False
PEG-186 Laurate,PEG-186 Laurate,False
PEG-132 Palmitate,PEG-132 Palmitate,False
PEG-148 Myristate,PEG-148 Myristate,False
PEG-57 Laurate,PEG-57 Laurate,False
PEG-169 Palmitate,PEG-169 Palmitate,False
C21-23 Alkyl Benzoate,C21-23 Alkyl Benzoat,False
PEG-12 Stearate,PEG-12 Stearate,False
PEG-93 Linoleate,PEG-93 Linoleate,False
PEG-125 Myristate,PEG-125 Myristate,False
PEG-103 Myristate,PEG-103 Myristate,False
PEG-99 Laurate,PEG-99 Laurate,False
PEG-95 Stearate,PEG-95 Stearate,False
PEG-7 Myristate,PEG-7 Myristate,False
C20-15 Alkyl Benzoate,C20-15 Alkyl Benzoat,False
C22-18 Alkyl Benzoate,C22-18 Alkyl Benzoat,False
PEG-123 Palmitate,PEG-123 Palmitate,False
C9-17 Alkyl Benzoate,C9-17 Alkyl Benzoat,False
PEG-118 Stearate,PEG-118 Stearate,False
PEG-190 Myristate,PEG-190 Myristate,False
PEG-121 Linoleate,PEG-121 Linoleate,False
PEG-147 Palmitate,PEG-147 Palmitate,False
C16-25 Alkyl Benzoate,C16-25 Alkyl Benzoat,False
C17-19 Alkyl Benzoate,C17-19 Alkyl Benzoat,False
C9-21 Alkyl Benzoate,C9-21 Alkyl Benzoat,False
PEG-33 Oleate,PEG-33 Oleate,False
PEG-78 Stearate,PEG-78 Stearate,False
C18-18 Alkyl Benzoate,C18-18 Alkyl Benzoat,False
PEG-171 Laurate,PEG-171 Laurate,False
PEG-193 Palmitate,PEG-193 Palmitate,False
PEG-130 Oleate,PEG-130 Oleate,False
PEG-118 Linoleate,PEG-118 Linoleate,False
C15-21 Alkyl Benzoate,C15-21 Alkyl Benzoat,False
PEG-7 Palmitate,PEG-7 Palmitate,False
C21-25 Alkyl Benzoate,C21-25 Alkyl Benzoat,False
PEG-21 Myristate,PEG-21 Myristate,False
PEG-5 Oleate,PEG-5 Oleate,False
PEG-136 Laurate,PEG-136 Laurate,False
C13-19 Alkyl Benzoate,C13-19 Alkyl Benzoat,False
PEG-46 Oleate,PEG-46 Oleate,False
PEG-73 Oleate,PEG-73 Oleate,False
PEG-169 Stearate,PEG-169 Stearate,False
C16-15 Alkyl Benzoate,C16-15 Alkyl Benzoat,False
PEG-162 Myristate,PEG-162 Myristate,False
PEG-31 Oleate,PEG-31 Oleate,False
PEG-140 Palmitate,PEG-140 Palmitate,False
PEG-130 Palmitate,PEG-130 Palmitate,False
PEG-149 Palmitate,PEG-149 Palmitate,False
PEG-13 Laurate,PEG-13 Laurate,False
PEG-177 Myristate,PEG-177 Myristate,False
PEG-120 Linoleate,PEG-120 Linoleate,False
PEG-155 Laurate,PEG-155 Laurate,False
PEG-180 Linoleate,PEG-180 Linoleate,False
C19-21 Alkyl Benzoate,C19-21 Alkyl Benzoat,False
PEG-119 Linoleate,PEG-119 Linoleate,False
PEG-112 Laurate,PEG-112 Laurate,False
C12-29 Alkyl Benzoate,C12-29 Alkyl Benzoat,False
PEG-182 Myristate,PEG-182 Myristate,False
PEG-49 Oleate,PEG-49 Oleate,False
PEG-134 Laurate,PEG-134 Laurate,False
PEG-74 Laurate,PEG-74 Laurate,False
PEG-126 Palmitate,PEG-126 Palmitate,False
PEG-157 Linoleate,PEG-157 Linoleate,False
PEG-9 Palmitate,PEG-9 Palmitate,False
C9-19 Alkyl Benzoate,C9-19 Alkyl Benzoat,False
PEG-83 Laurate,PEG-83 Laurate,False
PEG-3 Laurate,PEG-3 Laurate,False
PEG-30 Linoleate,PEG-30 Linoleate,False
PEG-2 Palmitate,PEG-2 Palmitate,False
C12-28 Alkyl Benzoate,C12-28 Alkyl Benzoat,False
PEG-38 Oleate,PEG-38 Oleate,False
PEG-107 Stearate,PEG-107 Stearate,False
C12-13 Alkyl Benzoate,C12-13 Alkyl Benzoat,False
PEG-83 Myristate,PEG-83 Myristate,False
C22-15 Alkyl Benzoate,C22-15 Alkyl Benzoat,False
PEG-43 Stearate,PEG-43 Stearate,False
PEG-32 Myristate,PEG-32 Myristate,False
PEG-171 Stearate,PEG-171 Stearate,False
PEG-153 Palmitate,PEG-153 Palmitate,False
C18-25 Alkyl Benzoate,C18-25 Alkyl Benzoat,False
PEG-161 Oleate,PEG-161 Oleate,False
PEG-170 Myristate,PEG-170 Myristate,False
PEG-81 Oleate,PEG-81 Oleate,False
C9-11 Alkyl Benzoate,C9-11 Alkyl Benzoat,False
PEG-185 Myristate,PEG-185 Myristate,False
PEG-94 Myristate,PEG-94 Myristate,False
C9-13 Alkyl Benzoate,C9-13 Alkyl Benzoat,False
PEG-19 Laurate,PEG-19 Laurate,False
PEG-85 Palmitate,PEG-85 Palmitate,False
PEG-189 Stearate,PEG-189 Stearate,False
C12-26 Alkyl Benzoate,C12-26 Alkyl Benzoat,False
PEG-30 Laurate,PEG-30 Laurate,False
PEG-175 Linoleate,PEG-175 Linoleate,False
PEG-100 Laurate,PEG-100 Laurate,False
PEG-134 Linoleate,PEG-134 Linoleate,False
PEG-3 Palmitate,PEG-3 Palmitate,False
PEG-121 Palmitate,PEG-121 Palmitate,False
PEG-56 Laurate,PEG-56 Laurate,False
PEG-48 Laurate,PEG-48 Laurate,False
PEG-93 Palmitate,PEG-93 Palmitate,False
C14-12 Alkyl Benzoate,C14-12 Alkyl Benzoat,False
PEG-116 Palmitate,PEG-116 Palmitate,False
PEG-183 Oleate,PEG-183 Oleate,False
C14-24 Alkyl Benzoate,C14-24 Alkyl Benzoat,False
PEG-66 Stearate,PEG-66 Stearate,False
PEG-173 Stearate,PEG-173 Stearate,False
PEG-123 Oleate,PEG-123 Oleate,False
PEG-182 Stearate,PEG-182 Stearate,False
PEG-116 Laurate,PEG-116 Laurate,False
PEG-123 Myristate,PEG-123 Myristate,False
PEG-116 Oleate,PEG-116 Oleate,False
PEG-195 Linoleate,PEG-195 Linoleate,False
PEG-162 Laurate,PEG-162 Laurate,False
PEG-154 Palmitate,PEG-154 Palmitate,False
PEG-136 Myristate,PEG-136 Myristate,False
PEG-121 Myristate,PEG-121 Myristate,False
PEG-54 Laurate,PEG-54 Laurate,False
C22-28 Alkyl Benzoate,C22-28 Alkyl Benzoat,False
PEG-79 Stearate,PEG-79 Stearate,False
C19-16 Alkyl Benzoate,C19-16 Alkyl Benzoat,False
PEG-80 Oleate,PEG-80 Oleate,False
C16-28 Alkyl Benzoate,C16-28 Alkyl Benzoat,False
PEG-64 Palmitate,PEG-64 Palmitate,False
C9-20 Alkyl Benzoate,C9-20 Alkyl Benzoat,False
PEG-148 Oleate,PEG-148 Oleate,False
PEG-150 Oleate,PEG-150 Oleate,False
PEG-125 Palmitate,PEG-125 Palmitate,False
PEG-33 Linoleate,PEG-33 Linoleate,False
PEG-40 Laurate,PEG-40 Laurate,False
PEG-4 Laurate,PEG-4 Laurate,False
PEG-41 Linoleate,PEG-41 Linoleate,False
PEG-64 Stearate,PEG-64 Stearate,False
PEG-62 Myristate,PEG-62 Myristate,False
PEG-23 Stearate,PEG-23 Stearate,False
PEG-153 Linoleate,PEG-153 Linoleate,False
C20-21 Alkyl Benzoate,C20-21 Alkyl Benzoat,False
PEG-51 Palmitate,PEG-51 Palmitate,False
PEG-93 Laurate,PEG-93 Laurate,False
PEG-10 Laurate,PEG-10 Laurate,False
PEG-194 Palmitate,PEG-194 Palmitate,False
PEG-63 Linoleate,PEG-63 Linoleate,False
PEG-58 Stearate,PEG-58 Stearate,False
PEG-4 Palmitate,PEG-4 Palmitate,False
C8-27 Alkyl Benzoate,C8-27 Alkyl Benzoat,False
C13-20 Alkyl Benzoate,C13-20 Alkyl Benzoat,False
PEG-117 Stearate,PEG-117 Stearate,False
PEG-143 Oleate,PEG-143 Oleate,False
PEG-158 Palmitate,PEG-158 Palmitate,False
PEG-45 Stearate,PEG-45 Stearate,False
PEG-155 Myristate,PEG-155 Myristate,False
PEG-62 Palmitate,PEG-62 Palmitate,False
PEG-190 Oleate,PEG-190 Oleate,False
C10-12 Alkyl Benzoate,C10-12 Alkyl Benzoat,False
PEG-4 Stearate,PEG-4 Stearate,False
PEG-145 Palmitate,PEG-145 Palmitate,False
PEG-87 Oleate,PEG-87 Oleate,False
PEG-86 Palmitate,PEG-86 Palmitate,False
PEG-150 Linoleate,PEG-150 Linoleate,False
PEG-43 Oleate,PEG-43 Oleate,False
PEG-155 Stearate,PEG-155 Stearate,False
PEG-138 Stearate,PEG-138 Stearate,False
PEG-32 Palmitate,PEG-32 Palmitate,False
PEG-86 Linoleate,PEG-86 Linoleate,False
PEG-131 Palmitate,PEG-131 Palmitate,False
PEG-94 Palmitate,PEG-94 Palmitate,False
PEG-176 Palmitate,PEG-176 Palmitate,False
PEG-130 Linoleate,PEG-130 Linoleate,False
PEG-132 Stearate,PEG-132 Stearate,False
PEG-103 Linoleate,PEG-103 Linoleate,False
PEG-119 Stearate,PEG-119 Stearate,False
C9-10 Alkyl Benzoate,C9-10 Alkyl Benzoat,False
PEG-191 Linoleate,PEG-191 Linoleate,False
PEG-16 Linoleate,PEG-16 Linoleate,False
PEG-42 Oleate,PEG-42 Oleate,False
PEG-91 Oleate,PEG-91 Oleate,False
PEG-95 Laurate,PEG-95 Laurate,False
PEG-156 Myristate,PEG-156 Myristate,False
PEG-80 Linoleate,PEG-80 Linoleate,False
PEG-178 Myristate,PEG-178 Myristate,False
PEG-50 Linoleate,PEG-50 Linoleate,False
PEG-197 Linoleate,PEG-197 Linoleate,False
PEG-127 Linoleate,PEG-127 Linoleate,False
PEG-197 Myristate,PEG-197 Myristate,False
PEG-120 Stearate,PEG-120 Stearate,False
PEG-69 Laurate,PEG-69 Laurate,False
PEG-174 Palmitate,PEG-174 Palmitate,False
PEG-86 Laurate,PEG-86 Laurate,False
C16-22 Alkyl Benzoate,C16-22 Alkyl Benzoat,False
PEG-109 Laurate,PEG-109 Laurate,False
PEG-181 Palmitate,PEG-181 Palmitate,False
PEG-72 Laurate,PEG-72 Laurate,False
PEG-131 Laurate,PEG-131 Laurate,False
PEG-31 Linoleate,PEG-31 Linoleate,False
PEG-137 Oleate,PEG-137 Oleate,False
PEG-186 Myristate,PEG-186 Myristate,False
PEG-143 Stearate,PEG-143 Stearate,False
PEG-120 Laurate,PEG-120 Laurate,False
C20-19 Alkyl Benzoate,C20-19 Alkyl Benzoat,False
PEG-127 Palmitate,PEG-127 Palmitate,False
PEG-199 Stearate,PEG-199 Stearate,False
C17-12 Alkyl Benzoate,C17-12 Alkyl Benzoat,False
C15-22 Alkyl Benzoate,C15-22 Alkyl Benzoat,False
PEG-82 Stearate,PEG-82 Stearate,False
PEG-9 Linoleate,PEG-9 Linoleate,False
PEG-65 Myristate,PEG-65 Myristate,False
PEG-34 Laurate,PEG-34 Laurate,False
C12-25 Alkyl Benzoate,C12-25 Alkyl Benzoat,False
PEG-75 Linoleate,PEG-75 Linoleate,False
PEG-12 Linoleate,PEG-12 Linoleate,False
PEG-61 Laurate,PEG-61 Laurate,False
C21-18 Alkyl Benzoate,C21-18 Alkyl Benzoat,False
PEG-96 Oleate,PEG-96 Oleate,False
PEG-191 Stearate,PEG-191 Stearate,False
PEG-2 Laurate,PEG-2 Laurate,False
PEG-7 Laurate,PEG-7 Laurate,False
PEG-164 Oleate,PEG-164 Oleate,False
PEG-59 Myristate,PEG-59 Myristate,False
PEG-98 Myristate,PEG-98 Myristate,False
PEG-26 Oleate,PEG-26 Oleate,False
PEG-3 Stearate,PEG-3 Stearate,False
PEG-47 Laurate,PEG-47 Laurate,False
PEG-79 Oleate,PEG-79 Oleate,False
PEG-99 Oleate,PEG-99 Oleate,False
PEG-102 Palmitate,PEG-102 Palmitate,False
PEG-175 Laurate,PEG-175 Laurate,False
PEG-89 Linoleate,PEG-89 Linoleate,False
PEG-96 Linoleate,PEG-96 Linoleate,False
PEG-83 Linoleate,PEG-83 Linoleate,False
PEG-49 Linoleate,PEG-49 Linoleate,False
PEG-28 Linoleate,PEG-28 Linoleate,False
PEG-190 Linoleate,PEG-190 Linoleate,False
C22-21 Alkyl Benzoate,C22-21 Alkyl Benzoat,False
PEG-142 Laurate,PEG-142 Laurate,False
PEG-8 Stearate,PEG-8 Stearate,False
C19-12 Alkyl Benzoate,C19-12 Alkyl Benzoat,False
C13-18 Alkyl Benzoate,C13-18 Alkyl Benzoat,False
PEG-38 Laurate,PEG-38 Laurate,False
PEG-44 Linoleate,PEG-44 Linoleate,False
PEG-6 Stearate,PEG-6 Stearate,False
PEG-156 Palmitate,PEG-156 Palmitate,False
PEG-185 Linoleate,PEG-185 Linoleate,False
PEG-167 Oleate,PEG-167 Oleate,False
PEG-143 Linoleate,PEG-143 Linoleate,False
PEG-172 Linoleate,PEG-172 Linoleate,False
PEG-48 Palmitate,PEG-48 Palmitate,False
PEG-31 Myristate,PEG-31 Myristate,False
PEG-158 Laurate,PEG-158 Laurate,False
PEG-117 Oleate,PEG-117 Oleate,False
PEG-119 Oleate,PEG-119 Oleate,False
PEG-7 Stearate,PEG-7 Stearate,False
PEG-139 Oleate,PEG-139 Oleate,False
PEG-142 Oleate,PEG-142 Oleate,False
PEG-167 Laurate,PEG-167 Laurate,False
PEG-69 Stearate,PEG-69 Stearate,False
PEG-138 Palmitate,PEG-138 Palmitate,False
PEG-59 Laurate,PEG-59 Laurate,False
C10-10 Alkyl Benzoate,C10-10 Alkyl Benzoat,False
PEG-111 Myristate,PEG-111 Myristate,False
PEG-168 Stearate,PEG-168 Stearate,False
PEG-3 Linoleate,PEG-3 Linoleate,False
PEG-84 Stearate,PEG-84 Stearate,False
PEG-109 Myristate,PEG-109 Myristate,False
PEG-27 Linoleate,PEG-27 Linoleate,False
PEG-76 Laurate,PEG-76 Laurate,False
PEG-15 Stearate,PEG-15 Stearate,False
PEG-194 Linoleate,PEG-194 Linoleate,False
PEG-177 Stearate,PEG-177 Stearate,False
PEG-51 Laurate,PEG-51 Laurate,False
PEG-18 Palmitate,PEG-18 Palmitate,False
PEG-43 Laurate,PEG-43 Laurate,False
PEG-166 Stearate,PEG-166 Stearate,False
PEG-125 Stearate,PEG-125 Stearate,False
PEG-74 Palmitate,PEG-74 Palmitate,False
PEG-70 Oleate,PEG-70 Oleate,False
PEG-150 Myristate,PEG-150 Myristate,False
PEG-195 Stearate,PEG-195 Stearate,False
PEG-59 Stearate,PEG-59 Stearate,False
PEG-184 Myristate,PEG-184 Myristate,False
C20-13 Alkyl Benzoate,C20-13 Alkyl Benzoat,False
PEG-85 Myristate,PEG-85 Myristate,False
PEG-52 Stearate,PEG-52 Stearate,False
PEG-71 Stearate,PEG-71 Stearate,False
PEG-160 Laurate,PEG-160 Laurate,False
PEG-194 Stearate,PEG-194 Stearate,False
PEG-184 Oleate,PEG-184 Oleate,False
PEG-54 Oleate,PEG-54 Oleate,False
C10-20 Alkyl Benzoate,C10-20 Alkyl Benzoat,False
PEG-61 Oleate,PEG-61 Oleate,False
PEG-138 Laurate,PEG-138 Laurate,False
PEG-144 Myristate,PEG-144 Myristate,False
PEG-91 Palmitate,PEG-91 Palmitate,False
PEG-171 Oleate,PEG-171 Oleate,False
PEG-104 Linoleate,PEG-104 Linoleate,False
PEG-172 Palmitate,PEG-172 Palmitate,False
PEG-19 Myristate,PEG-19 Myristate,False
PEG-197 Stearate,PEG-197 Stearate,False
PEG-77 Palmitate,PEG-77 Palmitate,False
C14-15 Alkyl Benzoate,C14-15 Alkyl Benzoat,False
PEG-137 Stearate,PEG-137 Stearate,False
PEG-133 Oleate,PEG-133 Oleate,False
PEG-18 Oleate,PEG-18 Oleate,False
PEG-31 Stearate,PEG-31 Stearate,False
PEG-161 Linoleate,PEG-161 Linoleate,False
PEG-173 Palmitate,PEG-173 Palmitate,False
PEG-124 Linoleate,PEG-124 Linoleate,False
PEG-181 Oleate,PEG-181 Oleate,False
PEG-106 Linoleate,PEG-106 Linoleate,False
PEG-23 Myristate,PEG-23 Myristate,False
PEG-106 Laurate,PEG-106 Laurate,False
PEG-142 Myristate,PEG-142 Myristate,False
PEG-192 Laurate,PEG-192 Laurate,False
PEG-192 Oleate,PEG-192 Oleate,False
PEG-95 Palmitate,PEG-95 Palmitate,False
PEG-187 Myristate,PEG-187 Myristate,False
PEG-100 Palmitate,PEG-100 Palmitate,False
PEG-47 Myristate,PEG-47 Myristate,False
PEG-40 Stearate,PEG-40 Stearate,False
PEG-85 Oleate,PEG-85 Oleate,False
PEG-107 Laurate,PEG-107 Laurate,False
PEG-66 Myristate,PEG-66 Myristate,False
PEG-52 Linoleate,PEG-52 Linoleate,False
PEG-144 Laurate,PEG-144 Laurate,False
PEG-54 Palmitate,PEG-54 Palmitate,False
PEG-193 Stearate,PEG-193 Stearate,False
PEG-43 Linoleate,PEG-43 Linoleate,False
C17-20 Alkyl Benzoate,C17-20 Alkyl Benzoat,False
PEG-98 Linoleate,PEG-98 Linoleate,False
PEG-106 Myristate,PEG-106 Myristate,False
PEG-198 Myristate,PEG-198 Myristate,False
PEG-7 Linoleate,PEG-7 Linoleate,False
PEG-159 Palmitate,PEG-159 Palmitate,False
PEG-74 Myristate,PEG-74 Myristate,False
PEG-63 Stearate,PEG-63 Stearate,False
PEG-51 Myristate,PEG-51 Myristate,False
C9-22 Alkyl Benzoate,C9-22 Alkyl Benzoat,False
PEG-36 Linoleate,PEG-36 Linoleate,False
PEG-196 Stearate,PEG-196 Stearate,False
PEG-8 Myristate,PEG-8 Myristate,False
PEG-92 Laurate,PEG-92 Laurate,False
PEG-23 Linoleate,PEG-23 Linoleate,False
PEG-6 Laurate,PEG-6 Laurate,False
PEG-26 Linoleate,PEG-26 Linoleate,False
PEG-41 Palmitate,PEG-41 Palmitate,False
PEG-37 Linoleate,PEG-37 Linoleate,False
C15-13 Alkyl Benzoate,C15-13 Alkyl Benzoat,False
PEG-193 Myristate,PEG-193 Myristate,False
PEG-98 Palmitate,PEG-98 Palmitate,False
PEG-16 Myristate,PEG-16 Myristate,False
PEG-6 Linoleate,PEG-6 Linoleate,False
PEG-170 Oleate,PEG-170 Oleate,False
PEG-196 Linoleate,PEG-196 Linoleate,False
PEG-154 Oleate,PEG-154 Oleate,False
PEG-138 Myristate,PEG-138 Myristate,False
PEG-192 Stearate,PEG-192 Stearate,False
PEG-137 Linoleate,PEG-137 Linoleate,False
PEG-25 Palmitate,PEG-25 Palmitate,False
PEG-148 Stearate,PEG-148 Stearate,False
PEG-59 Linoleate,PEG-59 Linoleate,False
PEG-6 Palmitate,PEG-6 Palmitate,False
PEG-101 Linoleate,PEG-101 Linoleate,False
PEG-64 Linoleate,PEG-64 Linoleate,False
PEG-49 Myristate,PEG-49 Myristate,False
PEG-165 Palmitate,PEG-165 Palmitate,False
PEG-21 Laurate,PEG-21 Laurate,False
PEG-166 Linoleate,PEG-166 Linoleate,False
PEG-128 Palmitate,PEG-128 Palmitate,False
C14-21 Alkyl Benzoate,C14-21 Alkyl Benzoat,False
PEG-180 Palmitate,PEG-180 Palmitate,False
PEG-31 Laurate,PEG-31 Laurate,False
PEG-90 Laurate,PEG-90 Laurate,False
PEG-163 Myristate,PEG-163 Myristate,False
PEG-122 Stearate,PEG-122 Stearate,False
PEG-92 Linoleate,PEG-92 Linoleate,False
PEG-92 Palmitate,PEG-92 Palmitate,False
PEG-157 Laurate,PEG-157 Laurate,False
PEG-82 Myristate,PEG-82 Myristate,False
PEG-87 Laurate,PEG-87 Laurate,False
PEG-178 Oleate,PEG-178 Oleate,False
PEG-136 Oleate,PEG-136 Oleate,False
PEG-16 Laurate,PEG-16 Laurate,False
PEG-32 Oleate,PEG-32 Oleate,False
PEG-180 Laurate,PEG-180 Laurate,False
PEG-98 Oleate,PEG-98 Oleate,False
PEG-50 Palmitate,PEG-50 Palmitate,False
PEG-169 Oleate,PEG-169 Oleate,False
PEG-160 Myristate,PEG-160 Myristate,False
PEG-28 Stearate,PEG-28 Stearate,False
PEG-122 Palmitate,PEG-122 Palmitate,False
PEG-47 Linoleate,PEG-47 Linoleate,False
PEG-194 Oleate,PEG-194 Oleate,False
PEG-191 Laurate,PEG-191 Laurate,False
PEG-105 Myristate,PEG-105 Myristate,False
PEG-167 Myristate,PEG-167 Myristate,False
PEG-178 Stearate,PEG-178 Stearate,False
PEG-187 Laurate,PEG-187 Laurate,False
PEG-145 Stearate,PEG-145 Stearate,False
PEG-26 Myristate,PEG-26 Myristate,False
PEG-14 Stearate,PEG-14 Stearate,False
PEG-54 Myristate,PEG-54 Myristate,False
PEG-59 Palmitate,PEG-59 Palmitate,False
PEG-26 Palmitate,PEG-26 Palmitate,False
PEG-128 Laurate,PEG-128 Laurate,False
PEG-56 Palmitate,PEG-56 Palmitate,False
PEG-108 Stearate,PEG-108 Stearate,False
PEG-83 Stearate,PEG-83 Stearate,False
PEG-195 Palmitate,PEG-195 Palmitate,False
PEG-18 Linoleate,PEG-18 Linoleate,False
PEG-175 Oleate,PEG-175 Oleate,False
PEG-161 Stearate,PEG-161 Stearate,False
C13-17 Alkyl Benzoate,C13-17 Alkyl Benzoat,False
PEG-168 Oleate,PEG-168 Oleate,False
PEG-84 Linoleate,PEG-84 Linoleate,False
PEG-110 Linoleate,PEG-110 Linoleate,False
C9-30 Alkyl Benzoate,C9-30 Alkyl Benzoat,False
PEG-14 Laurate,PEG-14 Laurate,False
PEG-122 Oleate,PEG-122 Oleate,False
PEG-58 Oleate,PEG-58 Oleate,False
PEG-2 Oleate,PEG-2 Oleate,False
PEG-58 Palmitate,PEG-58 Palmitate,False
PEG-11 Linoleate,PEG-11 Linoleate,False
PEG-135 Stearate,PEG-135 Stearate,False
PEG-184 Stearate,PEG-184 Stearate,False
PEG-5 Myristate,PEG-5 Myristate,False
PEG-98 Stearate,PEG-98 Stearate,False
PEG-36 Laurate,PEG-36 Laurate,False
PEG-177 Laurate,PEG-177 Laurate,False
PEG-119 Laurate,PEG-119 Laurate,False
PEG-93 Oleate,PEG-93 Oleate,False
PEG-49 Stearate,PEG-49 Stearate,False
PEG-160 Stearate,PEG-160 Stearate,False
PEG-101 Palmitate,PEG-101 Palmitate,False
PEG-89 Stearate,PEG-89 Stearate,False
PEG-113 Stearate,PEG-113 Stearate,False
PEG-9 Stearate,PEG-9 Stearate,False
PEG-151 Palmitate,PEG-151 Palmitate,False
PEG-25 Oleate,PEG-25 Oleate,False
PEG-179 Palmitate,PEG-179 Palmitate,False
C11-22 Alkyl Benzoate,C11-22 Alkyl Benzoat,False
C16-10 Alkyl Benzoate,C16-10 Alkyl Benzoat,False
PEG-56 Linoleate,PEG-56 Linoleate,False
PEG-37 Oleate,PEG-37 Oleate,False
PEG-191 Oleate,PEG-191 Oleate,False
PEG-70 Laurate,PEG-70 Laurate,False
PEG-156 Laurate,PEG-156 Laurate,False
PEG-132 Laurate,PEG-132 Laurate,False
PEG-170 Laurate,PEG-170 Laurate,False
PEG-179 Oleate,PEG-179 Oleate,False
PEG-126 Oleate,PEG-126 Oleate,False
PEG-126 Linoleate,PEG-126 Linoleate,False
PEG-70 Myristate,PEG-70 Myristate,False
PEG-189 Linoleate,PEG-189 Linoleate,False
PEG-6 Myristate,PEG-6 Myristate,False
C21-10 Alkyl Benzoate,C21-10 Alkyl Benzoat,False
PEG-105 Laurate,PEG-105 Laurate,False
PEG-69 Myristate,PEG-69 Myristate,False
PEG-58 Laurate,PEG-58 Laurate,False
PEG-42 Stearate,PEG-42 Stearate,False
PEG-102 Laurate,PEG-102 Laurate,False
PEG-136 Palmitate,PEG-136 Palmitate,False
PEG-60 Oleate,PEG-60 Oleate,False
PEG-95 Oleate,PEG-95 Oleate,False
PEG-61 Stearate,PEG-61 Stearate,False
PEG-175 Stearate,PEG-175 Stearate,False
PEG-135 Myristate,PEG-135 Myristate,False
PEG-85 Stearate,PEG-85 Stearate,False
PEG-123 Linoleate,PEG-123 Linoleate,False
PEG-3 Oleate,PEG-3 Oleate,False
PEG-110 Laurate,PEG-110 Laurate,False
PEG-68 Myristate,PEG-68 Myristate,False
PEG-189 Oleate,PEG-189 Oleate,False
PEG-185 Palmitate,PEG-185 Palmitate,False
PEG-37 Palmitate,PEG-37 Palmitate,False
PEG-142 Linoleate,PEG-142 Linoleate,False
PEG-180 Oleate,PEG-180 Oleate,False
PEG-151 Oleate,PEG-151 Oleate,False
PEG-36 Myristate,PEG-36 Myristate,False
PEG-110 Myristate,PEG-110 Myristate,False
PEG-63 Laurate,PEG-63 Laurate,False
PEG-55 Oleate,PEG-55 Oleate,False
PEG-60 Palmitate,PEG-60 Palmitate,False
PEG-14 Myristate,PEG-14 Myristate,False
PEG-172 Stearate,PEG-172 Stearate,False
PEG-22 Oleate,PEG-22 Oleate,False
PEG-153 Myristate,PEG-153 Myristate,False
PEG-35 Laurate,PEG-35 Laurate,False
PEG-196 Palmitate,PEG-196 Palmitate,False
PEG-183 Stearate,PEG-183 Stearate,False
PEG-99 Stearate,PEG-99 Stearate,False
PEG-166 Palmitate,PEG-166 Palmitate,False
PEG-87 Myristate,PEG-87 Myristate,False
PEG-111 Linoleate,PEG-111 Linoleate,False
PEG-30 Myristate,PEG-30 Myristate,False
PEG-198 Laurate,PEG-198 Laurate,False
PEG-80 Stearate,PEG-80 Stearate,False
PEG-19 Oleate,PEG-19 Oleate,False
PEG-27 Myristate,PEG-27 Myristate,False
PEG-16 Palmitate,PEG-16 Palmitate,False
PEG-2 Stearate,PEG-2 Stearate,False
PEG-63 Oleate,PEG-63 Oleate,False
PEG-83 Oleate,PEG-83 Oleate,False
PEG-141 Myristate,PEG-141 Myristate,False
PEG-91 Linoleate,PEG-91 Linoleate,False
PEG-188 Palmitate,PEG-188 Palmitate,False
PEG-52 Laurate,PEG-52 Laurate,False
PEG-45 Myristate,PEG-45 Myristate,False
PEG-159 Myristate,PEG-159 Myristate,False
PEG-34 Oleate,PEG-34 Oleate,False
PEG-39 Palmitate,PEG-39 Palmitate,False
PEG-52 Palmitate,PEG-52 Palmitate,False
PEG-180 Myristate,PEG-180 Myristate,False
PEG-55 Laurate,PEG-55 Laurate,False
PEG-117 Myristate,PEG-117 Myristate,False
PEG-12 Laurate,PEG-12 Laurate,False
PEG-133 Myristate,PEG-133 Myristate,False
PEG-172 Myristate,PEG-172 Myristate,False
PEG-116 Linoleate,PEG-116 Linoleate,False
PEG-96 Palmitate,PEG-96 Palmitate,False
PEG-44 Laurate,PEG-44 Laurate,False
PEG-92 Oleate,PEG-92 Oleate,False
PEG-86 Stearate,PEG-86 Stearate,False
PEG-120 Palmitate,PEG-120 Palmitate,False
C17-29 Alkyl Benzoate,C17-29 Alkyl Benzoat,False
PEG-145 Myristate,PEG-145 Myristate,False
PEG-28 Laurate,PEG-28 Laurate,False
PEG-22 Stearate,PEG-22 Stearate,False
PEG-24 Laurate,PEG-24 Laurate,False
PEG-198 Linoleate,PEG-198 Linoleate,False
PEG-20 Oleate,PEG-20 Oleate,False
PEG-140 Stearate,PEG-140 Stearate,False
PEG-160 Linoleate,PEG-160 Linoleate,False
PEG-157 Oleate,PEG-157 Oleate,False
PEG-53 Myristate,PEG-53 Myristate,False
PEG-181 Laurate,PEG-181 Laurate,False
PEG-57 Myristate,PEG-57 Myristate,False
PEG-125 Oleate,PEG-125 Oleate,False
PEG-67 Myristate,PEG-67 Myristate,False
PEG-53 Palmitate,PEG-53 Palmitate,False
PEG-25 Laurate,PEG-25 Laurate,False
PEG-29 Linoleate,PEG-29 Linoleate,False
PEG-178 Palmitate,PEG-178 Palmitate,False
PEG-149 Stearate,PEG-149 Stearate,False
PEG-97 Palmitate,PEG-97 Palmitate,False
PEG-100 Oleate,PEG-100 Oleate,False
PEG-37 Myristate,PEG-37 Myristate,False
C22-20 Alkyl Benzoate,C22-20 Alkyl Benzoat,False
C10-28 Alkyl Benzoate,C10-28 Alkyl Benzoat,False
PEG-82 Palmitate,PEG-82 Palmitate,False
PEG-144 Linoleate,PEG-144 Linoleate,False
PEG-11 Laurate,PEG-11 Laurate,False
PEG-140 Oleate,PEG-140 Oleate,False
PEG-190 Palmitate,PEG-190 Palmitate,False
PEG-12 Oleate,PEG-12 Oleate,False
PEG-105 Linoleate,PEG-105 Linoleate,False
PEG-104 Myristate,PEG-104 Myristate,False
PEG-84 Palmitate,PEG-84 Palmitate,False
PEG-113 Palmitate,PEG-113 Palmitate,False
PEG-107 Oleate,PEG-107 Oleate,False
PEG-63 Myristate,PEG-63 Myristate,False
C12-12 Alkyl Benzoate,C12-12 Alkyl Benzoat,False
PEG-145 Linoleate,PEG-145 Linoleate,False
PEG-184 Laurate,PEG-184 Laurate,False
PEG-84 Oleate,PEG-84 Oleate,False
PEG-176 Myristate,PEG-176 Myristate,False
PEG-103 Stearate,PEG-103 Stearate,False
PEG-45 Laurate,PEG-45 Laurate,False
PEG-139 Myristate,PEG-139 Myristate,False
PEG-159 Linoleate,PEG-159 Linoleate,False
PEG-128 Myristate,PEG-128 Myristate,False
PEG-33 Myristate,PEG-33 Myristate,False
PEG-131 Linoleate,PEG-131 Linoleate,False
PEG-162 Linoleate,PEG-162 Linoleate,False
PEG-106 Palmitate,PEG-106 Palmitate,False
PEG-42 Linoleate,PEG-42 Linoleate,False
PEG-154 Stearate,PEG-154 Stearate,False
PEG-91 Stearate,PEG-91 Stearate,False
PEG-39 Myristate,PEG-39 Myristate,False
PEG-109 Oleate,PEG-109 Oleate,False
PEG-139 Laurate,PEG-139 Laurate,False
PEG-102 Linoleate,PEG-102 Linoleate,False
PEG-15 Linoleate,PEG-15 Linoleate,False
PEG-50 Myristate,PEG-50 Myristate,False
PEG-128 Oleate,PEG-128 Oleate,False
PEG-150 Palmitate,PEG-150 Palmitate,False
PEG-173 Linoleate,PEG-173 Linoleate,False
PEG-24 Stearate,PEG-24 Stearate,False
PEG-81 Stearate,PEG-81 Stearate,False
PEG-123 Laurate,PEG-123 Laurate,False
PEG-73 Myristate,PEG-73 Myristate,False
PEG-57 Stearate,PEG-57 Stearate,False
PEG-20 Myristate,PEG-20 Myristate,False
PEG-18 Stearate,PEG-18 Stearate,False
PEG-60 Stearate,PEG-60 Stearate,False
PEG-189 Laurate,PEG-189 Laurate,False
PEG-48 Oleate,PEG-48 Oleate,False
PEG-119 Palmitate,PEG-119 Palmitate,False
PEG-61 Palmitate,PEG-61 Palmitate,False
PEG-70 Stearate,PEG-70 Stearate,False
PEG-19 Palmitate,PEG-19 Palmitate,False
PEG-37 Laurate,PEG-37 Laurate,False
PEG-178 Linoleate,PEG-178 Linoleate,False
PEG-9 Myristate,PEG-9 Myristate,False
PEG-134 Palmitate,PEG-134 Palmitate,False
PEG-41 Myristate,PEG-41 Myristate,False
PEG-108 Palmitate,PEG-108 Palmitate,False
PEG-167 Linoleate,PEG-167 Linoleate,False
PEG-115 Palmitate,PEG-115 Palmitate,False
PEG-108 Linoleate,PEG-108 Linoleate,False
C21-19 Alkyl Benzoate,C21-19 Alkyl Benzoat,False
PEG-90 Myristate,PEG-90 Myristate,False
PEG-138 Oleate,PEG-138 Oleate,False
PEG-105 Stearate,PEG-105 Stearate,False
PEG-184 Palmitate,PEG-184 Palmitate,False
PEG-112 Linoleate,PEG-112 Linoleate,False
PEG-34 Stearate,PEG-34 Stearate,False
PEG-43 Myristate,PEG-43 Myristate,False
PEG-76 Myristate,PEG-76 Myristate,False
PEG-121 Oleate,PEG-121 Oleate,False
PEG-198 Palmitate,PEG-198 Palmitate,False
PEG-94 Stearate,PEG-94 Stearate,False
PEG-22 Linoleate,PEG-22 Linoleate,False
PEG-188 Laurate,PEG-188 Laurate,False
PEG-114 Linoleate,PEG-114 Linoleate,False
PEG-102 Myristate,PEG-102 Myristate,False
PEG-100 Linoleate,PEG-100 Linoleate,False
PEG-21 Linoleate,PEG-21 Linoleate,False
PEG-46 Myristate,PEG-46 Myristate,False
PEG-183 Laurate,PEG-183 Laurate,False
PEG-135 Linoleate,PEG-135 Linoleate,False
PEG-179 Laurate,PEG-179 Laurate,False
PEG-149 Linoleate,PEG-149 Linoleate,False
PEG-8 Laurate,PEG-8 Laurate,False
PEG-130 Laurate,PEG-130 Laurate,False
PEG-105 Palmitate,PEG-105 Palmitate,False
PEG-10 Myristate,PEG-10 Myristate,False
PEG-146 Linoleate,PEG-146 Linoleate,False
PEG-36 Oleate,PEG-36 Oleate,False
PEG-181 Linoleate,PEG-181 Linoleate,False
PEG-82 Laurate,PEG-82 Laurate,False
PEG-44 Palmitate,PEG-44 Palmitate,False
PEG-67 Laurate,PEG-67 Laurate,False
PEG-187 Stearate,PEG-187 Stearate,False
Mercury,Mercury,True
Mercurous Chloride,Mercurous Klorida,True
Mercuric Chloride,Mercuric Klorida,True
Ammoniated Mercury,Ammoniated Mercury,True
Mercury Oxide,Mercury Oksida,True
Lead Acetate,Lead Acetate,True
Lead Carbonate,Lead Karbonat,True
Lead Oxide,Lead Oksida,True
Lead Nitrate,Lead Nitrate,True
Lead Sulfide,Lead Sulfida,True
Arsenic,Arsenic,True
Arsenic Trioxide,Arsenic Trioxide,True
Arsenic Sulfide,Arsenic Sulfida,True
Arsenic Acid,Arsenic Asam,True
Cadmium,Cadmium,True
Cadmium Sulfide,Cadmium Sulfida,True
Cadmium Oxide,Cadmium Oksida,True
Cadmium Chloride,Cadmium Klorida,True
Thallium,Thallium,True
Thallium Sulfate,Thallium Sulfat,True
Thallium Acetate,Thallium Acetate,True
Beryllium,Beryllium,True
Beryllium Oxide,Beryllium Oksida,True
Hexavalent Chromium,Hexavalent Chromium,True
Potassium Dichromate,Kalium Dichromate,True
Nickel Carbonyl,Nickel Carbonyl,True
Antimony Trioxide,Antimony Trioxide,True
Antimony Potassium Tartrate,Antimony Kalium Tartrate,True
